,sum_sq,df,F,PR(>F)
C(reality),2572027.675308652,2.0,2437.633105744053,0.0
C(category),27684.286419753163,2.0,26.23771654307432,6.12004379438035e-12
C(reality):C(category),221767.83209876448,4.0,105.08996744138152,1.3110908416740276e-79
Residual,849909.8111111112,1611.0,,
