,sum_sq,df,F,PR(>F)
C(reality),5333.64567901236,2.0,622.6100678705726,4.734371976054466e-201
C(category),1771.83827160494,2.0,206.83120194514018,1.1179531783422854e-80
C(reality):C(category),713.1617283950591,4.0,41.624594024491216,3.0027661872594145e-33
Residual,6900.388888888889,1611.0,,
