,sum_sq,df,F,PR(>F)
C(reality),2642.62592592592,2.0,724.6308008578576,3.443049916394824e-225
C(category),1.3481481481481532,2.0,0.36967383945018467,0.6910182553143479
C(reality):C(category),544.0592592592591,4.0,74.59286857125564,4.587599505467396e-58
Residual,2937.5444444444447,1611.0,,
