,sum_sq,df,F,PR(>F)
C(reality),6404799.16419755,2.0,2541.1428790949567,0.0
C(category),110221.0419753097,2.0,43.73086630220299,3.202860169128381e-19
C(reality):C(category),538032.5580246893,4.0,106.73383883669212,9.826319104708459e-81
Residual,2030214.7388888889,1611.0,,
