,sum_sq,df,F,PR(>F)
C(reality),1110.6012345679023,2.0,883.491657567994,9.590504476750798e-260
C(category),52.4975308641973,2.0,41.76218170645375,2.0770210717880726e-18
C(reality):C(category),139.23580246913548,4.0,55.38156544735284,8.344374963547112e-44
Residual,1012.561111111111,1611.0,,
